{"IcoMoonType":"selection","icons":[{"icon":{"paths":["M810 854v-684h-84v128h-428v-128h-84v684h596zM512 86c-24 0-42 18-42 42s18 42 42 42 42-18 42-42-18-42-42-42zM810 86c46 0 86 38 86 84v684c0 46-40 84-86 84h-596c-46 0-86-38-86-84v-684c0-46 40-84 86-84h178c18-50 64-86 120-86s102 36 120 86h178z"],"attrs":[],"isMulticolor":false,"isMulticolor2":false,"tags":["content_paste"],"defaultCode":57679,"grid":24},"attrs":[],"properties":{"ligatures":"content_paste","id":181,"order":2,"prevSize":24,"code":57679,"name":"person_list"},"setIdx":0,"setId":0,"iconIdx":181},{"icon":{"paths":["M640 598c114 0 342 56 342 170v86h-684v-86c0-114 228-170 342-170zM256 426h128v86h-128v128h-86v-128h-128v-86h128v-128h86v128zM640 512c-94 0-170-76-170-170s76-172 170-172 170 78 170 172-76 170-170 170z"],"attrs":[],"isMulticolor":false,"isMulticolor2":false,"tags":["person_add"],"defaultCode":59390,"grid":24},"attrs":[],"properties":{"ligatures":"person_add","id":558,"order":3,"prevSize":24,"code":59390,"name":"person_add"},"setIdx":0,"setId":0,"iconIdx":558},{"icon":{"paths":["M128 214h810v256h-810v-256zM426 810v-298h512v298h-512zM128 810v-298h256v298h-256z"],"attrs":[],"isMulticolor":false,"isMulticolor2":false,"tags":["view_compact"],"defaultCode":58411,"grid":24},"attrs":[],"properties":{"ligatures":"view_compact","id":805,"order":4,"prevSize":24,"code":58411,"name":"view_compact"},"setIdx":0,"setId":0,"iconIdx":805}],"height":1024,"metadata":{"name":"icomoon"},"preferences":{"showGlyphs":true,"showQuickUse":true,"showQuickUse2":true,"showSVGs":true,"fontPref":{"prefix":"icon-","metadata":{"fontFamily":"icomoon"},"metrics":{"emSize":1024,"baseline":6.25,"whitespace":50},"embed":false},"imagePref":{"prefix":"icon-","png":true,"useClassSelector":true,"color":0,"bgColor":16777215,"classSelector":".icon"},"historySize":50,"showCodes":true,"gridSize":16}}